company,label,code
中 科 软,1,430002
绿创设备,0,430004
原子高科,1,430005
华环电子,0,430009
ST现代,0,430010
指 南 针,0,430011
恒业世纪,1,430014
盖 特 佳,0,430015
胜龙科技,0,430016
星昊医药,0,430017
新松佳和,0,430019
海鑫科金,1,430021
五 岳 鑫,0,430022
金和网络,0,430024
北科光大,0,430027
林 克 曼,0,430031
凯英信业,0,430032
彩讯科技,0,430033
鼎普科技,0,430036
华高世纪,0,430039
科 瑞 讯,0,430042
圣 博 润,1,430046
建设数字,0,430048
九 恒 星,1,430051
斯福泰克,0,430052
国学时代,0,430053
达通数据,1,430055
意诚信通,0,430058
中海纪元,0,430059
永邦科技,0,430060
中科国信,1,430062
金山顶尖,0,430064
南北天地,0,430066
维信通,0,430067
天助畅运,0,430069
亿创科技,0,430072
兆信股份,0,430073
德鑫物联,1,430074
中讯四方,1,430075
国基科技,0,430076
道隆软件,1,430077
北京安鹏,0,430079
尚水股份,0,430080
博雅科技,0,430082
中科联众,1,430083
新锐英诚,1,430085
爱迪科森,0,430086
富电绿能,1,430087
天一众合,0,430089
同辉信息,1,430090
东方生态,0,430091
金刚游戏,1,430092
掌上通,0,430093
确安科技,0,430094
航星股份,0,430095
赛德丽,1,430097
理想固网,0,430099
泰诚信,1,430101
天大清源,0,430103
合力思腾,0,430105
爱特泰克,0,430106
土星教育,0,430107
中航讯,1,430109
ST百拓,0,430110
弘祥隆,0,430112
中交远洲,0,430113
中矿华沃,0,430116
航天理想,0,430117
中钰医疗,0,430118
金润科技,1,430120
中控智联,0,430122
速原中天,0,430123
汉唐自远,0,430124
英雄互娱,1,430127
广厦网络,1,430128
卡联科技,1,430130
伟利讯,0,430131
赛孚制药,0,430133
国顺投资,0,430136
润天股份,0,430137
华岭股份,1,430139
新眼光,1,430140
智立医学,0,430145
科能腾达,0,430148
创和通讯,0,430150
思银股份,1,430152
中金网信,0,430153
康辰亚奥,0,430155
腾龙电子,0,430157
北方科诚,0,430158
三泰晟驰,0,430160
光谷信息,0,430161
大医股份,0,430164
一正启源,0,430166
四利通,0,430167
博维仕,0,430168
融智通,1,430169
金易通,0,430170
电信易通,0,430171
瑞达恩,0,430172
科新生物,0,430175
中教股份,1,430176
点点客,1,430177
白虹软件,1,430178
宇昂科技,0,430179
盖娅互娱,0,430181
全网数商,1,430182
北方跃龙,0,430184
东方略,0,430187
奥贝克,0,430188
新瑞理想,0,430190
波尔通信,0,430191
东展科博,0,430192
微传播,1,430193
欧泰克,0,430195
宣爱智能,0,430196
津伦股份,0,430197
微创光电,1,430198
时代地智,0,430200
腾实信,0,430201
星河科技,0,430202
石竹科技,0,430204
亿房网,0,430205
优炫软件,1,430208
乐升股份,0,430213
风格信息,0,430216
一鑫达,0,430218
迈达科技,0,430220
璟泓科技,1,430222
网动科技,0,430224
东软慧聚,1,430227
天房科技,0,430228
绿岸网络,0,430229
ST赛诺达,0,430231
ST桦清,0,430232
大汉三通,0,430237
普华科技,0,430238
信诺达,0,430239
铜牛信息,1,430243
颂大教育,1,430244
奥特美克,1,430245
金日创,0,430247
奥尔斯,0,430248
智网科技,0,430250
光电高斯,0,430251
联宇技术,0,430252
兴竹信息,1,430253
中幼教育,0,430255
卓繁信息,0,430256
易同科技,1,430258
华宿电气,0,430259
易维科技,1,430261
神州云动,0,430262
中舟环保,0,430264
盛世光明,0,430267
恒信启华,0,430268
新网程,0,430269
易点天下,1,430270
瑞灵石油,0,430271
永天科技,0,430273
晟矽微电,1,430276
华安股份,0,430279
锐创信通,0,430285
环宇畜牧,0,430287
威达宇电,0,430288
和隆优化,0,430290
七环电气,0,430294
平安力合,0,430296
金硕信息,0,430297
淘礼网,1,430298
辰光医疗,1,430300
量化科技,0,430303
维珍创意,1,430305
扬讯科技,0,430307
博易股份,0,430310
达美盛,0,430311
国创富盛,0,430313
众联信息,0,430315
巨灵信息,0,430316
天阶生物,1,430323
精英智通,1,430325
元工国际,0,430327
北京希电,0,430328
百林通信,0,430329
捷世智通,1,430330
中环系统,1,430331
安华智能,0,430332
普康迪,0,430333
朗威视讯,0,430337
银音科技,1,430338
ST中搜,0,430339
伟钊科技,0,430340
呈创科技,0,430341
优网科技,0,430343
鼎晖科技,0,430344
地大信息,0,430347
瑞斯福,0,430348
安威士,0,430349
万德智新,1,430350
爱科凯能,0,430351
慧网通达,0,430352
百傲科技,1,430353
雷腾软件,1,430356
ST行悦,0,430357
同济医药,0,430359
财猫网络,0,430361
东电创新,1,430362
力码科,1,430367
明波通信,0,430368
威门药业,1,430369
捷安高科,1,430373
英富森,1,430374
星立方,1,430375
山本光电,0,430378
元亨光电,1,430382
苏大明世,0,430388
中科网络,0,430390
三景科技,0,430393
金帆股份,0,430397
日望电子,0,430400
声威电声,0,430401
吉事达,0,430402
英思科技,0,430403
长合信息,0,430407
帝信科技,1,430408
中电方大,0,430411
地林伟业,0,430416
长城软件,0,430426
飞田通信,0,430427
普滤得,1,430430
中瑞电子,0,430433
万泉河,0,430434
数聚股份,0,430435
英极股份,0,430441
和航科技,0,430448
蓝泰源,0,430449
恒锐科技,0,430453
德联科技,1,430455
三网科技,1,430457
陆海科技,1,430458
视威科技,0,430461
方迪科技,0,430464
深圳行健,0,430467
必控科技,1,430469
哲达科技,0,430470
安泰得,1,430472
网动股份,0,430473
网阔信息,0,430479
辰维科技,0,430480
求实智能,0,430484
普金科技,1,430486
佳信捷,0,430487
东创科技,1,430488
旭龙物联,0,430490
蓝斯股份,0,430491
华博胜讯,0,430494
奥远电子,0,430495
大正医疗,0,430496
嘉网股份,0,430498
中科股份,0,430499
亚奥科技,0,430500
双环电感,0,430503
云飞扬,0,430506
远大教科,0,430511
芯朋微,1,430512
速升装备,0,430514
麟龙股份,1,430515
世安科技,0,430520
量天科技,0,430524
英诺尔,0,430525
丝普兰,0,430526
欧丽信大,0,430528
恒通股份,0,430537
利雅得,0,430542
闽保股份,0,430544
乐彩科技,0,430546
畅想高科,0,430547
大方软件,0,430548
天弘激光,1,430549
亚成微,1,430552
海红技术,0,430553
新华通,0,430559
齐普光电,0,430561
安运科技,0,430562
华宇股份,0,430563
天润科技,0,430564
安尔发,0,430569
蓝星科技,0,430570
科硕科技,0,430571
星奥股份,0,430574
迈科网络,0,430575
泰信电子,0,430576
力龙信息,0,430577
云天软件,0,430580
华菱西厨,0,430582
国贸酝领,0,430583
金瑞科技,0,430585
天松医疗,1,430588
晶宝股份,0,430590
盈光科技,0,430594
博安通,1,430597
回水科技,0,430603
金鹏源康,0,430606
大树智能,1,430607
中磁视讯,1,430609
瀚远科技,0,430610
腾晖科技,0,430613
星通联华,0,430614
凯立德,1,430618
格纳斯,0,430619
固安信通,0,430621
中天金谷,0,430624
页游科技,0,430627
国科海博,0,430629
合胜科技,0,430630
卡姆医疗,0,430633
ST展唐,0,430635
菱博电子,0,430637
景格科技,0,430638
映翰通,0,430642
蓝科泰达,0,430643
紫贝龙,0,430644
中瑞药业,0,430645
群雁信息,0,430648
绿清科技,0,430649
同望科技,0,430653
聚科照明,0,430654
楼兰股份,0,430657
大陆股份,0,430663
联合永道,0,430664
东芯通信,0,430670
一卡易,0,430671
天佑铁道,0,430673
巴兰仕,0,430674
天跃科技,1,430675
芒冠股份,0,430681
新中德,0,430683
华盛控股,0,430686
华瑞核安,0,430687
麦稻之星,0,430691
杰纳瑞,0,430692
浩海科技,0,430695
宝石金卡,0,430697
同智伟业,0,430704
万惠金科,0,430705
武汉深蓝,0,430709
九五智驾,0,430725
津宇嘉信,0,430726
金格科技,0,430727
万里智能,0,430729
威马股份,0,430732
源渤科技,0,430734
智达康,0,430735
斯达科技,0,430737
全岛互联,0,430744
帛仁旅游,0,430750
赛格微,0,430751
三态股份,1,430754
华曦达,1,430755
天翔昌运,1,430757
四联智能,0,430758
凯路仕,1,430759
爱科迪,0,430763
博锐尚格,0,830766
网虫股份,0,830767
牛商股份,0,830770
华灿电讯,0,830771
远航科技,0,830772
正扬股份,0,830773
百博生物,0,830774
永鹏科技,0,830780
广源精密,1,830783
奥派股份,0,830794
易之景和,0,830797
艾融软件,1,830799
新松医疗,0,830803
蓝山科技,1,830815
致生联发,1,830819
华虹科技,0,830824
永力科技,0,830840
沃迪智能,0,830843
芯邦科技,1,830845
平原智能,0,830849
合矿股份,0,830856
奥特股份,0,830860
金诺科技,0,830861
瑞华天健,0,830863
诚思科技,0,830864
凌志软件,1,830866
XR建策科,0,830868
松宝智能,0,830870
长信畅中,0,830872
金田元丰,0,830874
华盛供水,0,830884
太尔科技,0,830886
吉美思,0,830887
深拓智能,0,830889
海魄科技,0,830890
轩辕网络,0,830891
海迈科技,0,830892
隆玛科技,0,830901
复展科技,0,830903
博思特,0,830904
成聪软件,0,830905
普诺威,0,830908
安证通,0,830910
海赛电装,0,830914
网波股份,1,830917
兆久成,1,830927
康定电子,0,830928
仁会生物,1,830931
北方数据,0,830942
科明数码,0,830943
森萱医药,1,830946
方兰德,0,830952
惠当家,0,830953
佳成科技,0,830957
微步信息,1,830960
圣华农科,0,830961
道一信息,1,830972
电通微电,0,830976
先临三维,1,830978
中易腾达,0,830982
保得威尔,0,830983
德邦工程,0,830984
九星娱乐,0,830986
领意信息,0,830997
银橙传媒,1,830999
飞鱼星,0,831002
金大股份,0,831003
汉咏股份,0,831007
岳能科技,0,831012
海联捷讯,0,831014
华阳密封,0,831020
华雁信息,0,831021
三和视讯,0,831022
中一石科,0,831024
熙浪股份,0,831026
兴致体育,0,831027
卓华信息,1,831030
诚盟装备,0,831031
红光股份,0,831034
宇建科技,0,831038
深远石油,0,831047
天喻软件,0,831050
巴陵节能,0,831054
三优光电,0,831055
千叶药包,0,831056
多普泰,1,831057
中瀛鑫,0,831061
远古信息,0,831062
安泰股份,1,831063
鑫干线,0,831065
北塔软件,0,831071
瑞聚股份,1,831072
瑞恒科技,0,831073
中鼎科技,0,831077
瑞琦科技,0,831079
东润环能,1,831083
绿网天下,1,831084
鑫航科技,0,831093
光大灵曦,0,831094
中网科技,0,831095
物润船联,0,831096
思为同飞,0,831097
奥维云网,1,831101
盟云移软,0,831105
埃林哲,0,831106
金科信息,0,831107
ST荣腾,0,831110
智明恒,0,831111
杰盛通信,0,831113
易销科技,1,831114
永信科技,0,831122
元鼎科技,1,831126
领信股份,1,831129
科润智能,0,831133
易讯通,1,831142
奥美环境,1,831149
金越交通,0,831150
全维技术,0,831153
华尔康,0,831168
天鸿股份,0,831176
众智软件,0,831185
金鸿药业,1,831186
创尔生物,1,831187
第六元素,0,831190
彩通科技,0,831191
新健康成,0,831193
派拉软件,1,831194
恒扬数据,1,831196
雅洁源,0,831197
博华科技,0,831198
摩德娜,0,831202
瑞纽机械,0,831203
尚恩科技,0,831206
南方制药,1,831207
洁昊环保,1,831208
宏景软件,0,831225
双申医疗,0,831230
天辰股份,0,831234
星展测控,0,831244
朗源科技,0,831249
平方科技,0,831254
创优股份,0,831259
宏源药业,0,831265
一铭软件,0,831266
燎原药业,0,831271
同力天合,0,831272
金视和,0,831273
瑞可达,1,831274
钢钢网,0,831277
天悦实业,0,831281
欧亚股份,0,831282
蛙视通信,0,831283
迈科智能,1,831284
启奥科技,1,831287
安美勤,0,831288
丰泽股份,0,831289
数字认证,0,831297
上海零动,0,831301
飞扬天下,0,831302
丽明股份,1,831306
华博教育,0,831308
博安智能,1,831311
赛卓药业,0,831312
深科达,1,831314
安畅网络,1,831315
海典软件,0,831317
信易科技,0,831318
绿蔓生物,0,831319
朗悦科技,0,831322
飞翼股份,1,831327
申高制药,0,831332
竞天科技,0,831334
山东信和,0,831338
金童股份,0,831340
木联能,0,831346
浙达精益,0,831351
力源环保,1,831353
中电智能,0,831356
超级玩家,0,831360
胜龙股份,0,831361
ST丰汇,0,831364
帜扬信通,0,831369
三强股份,0,831375
智创联合,0,831382
楼市通网,1,831383
华创网安,0,831384
风华环保,1,831386
华特磁电,0,831387
天迈科技,1,831392
中碧环保,0,831393
南麟电子,0,831394
许昌智能,1,831396
九信资产,0,831400
信立方,0,831401
帝联科技,0,831402
赞普科技,1,831405
万泰中联,0,831407
华油科技,0,831409
三重股份,0,831411
天际航,0,831412
中创股份,0,831413
鸿铭科技,0,831419
致善生物,0,831425
信通电子,1,831427
数据堂,1,831428
创力股份,1,831429
东南光电,1,831431
川东磁电,0,831433
巨创计量,0,831434
沃顿股份,0,831440
贝欧特,0,831448
粤林股份,0,831455
祥龙钻探,0,831457
伟诚科技,0,831459
创高安防,0,831464
世窗信息,0,831467
创通信息,0,831470
复娱文化,0,831472
科特新材,0,831474
天际数字,0,831478
福生佳信,0,831480
和信基业,0,831482
汇通华城,0,831483
成电光信,0,831490
佳音王,1,831491
赛特传媒,0,831493
中联信通,0,831495
华燕房盟,1,831496
事成股份,0,831497
立元通信,0,831499
中晟光电,0,831504
拓新股份,0,831508
特思达,1,831510
环创科技,1,831512
威和光电,0,831515
波长光电,0,831518
康耀电子,0,831524
学府信息,0,831525
能龙教育,1,831529
艾倍科,0,831534
京源环保,1,831540
美林数据,1,831546
光大百纳,0,831548
高新凯特,0,831549
成大生物,1,831550
中呼科技,1,831557
盈建科,0,831560
光辉互动,0,831575
八佳电气,0,831581
井利电子,0,831582
未来宽带,1,831583
鸿业科技,0,831585
高奇电子,0,831586
万事兴,0,831587
云涛生物,0,831591
科致电气,1,831595
热像科技,0,831598
威科姆,1,831601
金润和,1,831603
世纪网通,0,831604
方硕科技,0,831606
易建科技,1,831608
博达软件,0,831616
巨力重工,0,831617
五舟科技,0,831619
攀特电陶,0,831622
金汇膜,0,831623
博安达,0,831630
北邮国安,0,831631
金鹏信息,1,831635
银朵兰,0,831637
蜀虹装备,0,831642
盛景科技,0,831648
盛华德,0,831650
富深协通,0,831660
金马科技,0,831661
东方传动,0,831671
奥特多,0,831674
景川诊断,0,831676
金田科技,0,831682
亿恩科技,0,831685
正大环保,0,831686
山大地纬,1,831688
三高股份,0,831691
黔驰信息,0,831694
工大软件,1,831698
华信精工,0,831700
九如环境,0,831704
创泽信息,0,831712
福航环保,0,831714
瀚特信息,0,831715
青鸟软通,1,831718
中钢网,0,831727
维钛克,1,831729
亚诺生物,0,831730
展通电信,0,831734
振野智能,0,831738
艾斯克,0,831739
信音电子,0,831741
立高科技,1,831743
虎符智能,0,831751
艾博德,0,831753
邦正科技,0,831755
三木科技,0,831766
中马园林,0,831769
同智科技,0,831770
凯实股份,0,831774
卓越信通,0,831779
力思特,0,831781
恒远利废,0,831785
金龙科技,0,831788
英诺迅,0,831789
凯德科技,1,831790
利洋水产,0,831793
高科中天,0,831800
智华信,1,831802
绿宝石,0,831804
微企信息,0,831805
锡南铸机,0,831809
广新信息,0,831813
山源科技,0,831815
兴锐科技,0,831816
鑫辉精密,1,831818
容大股份,0,831820
智冠股份,0,831823
华菱医疗,0,831826
同方软银,0,831829
科达自控,0,831832
红冠庄,0,831833
福康药业,0,831838
广达新网,1,831839
飞驰环保,0,831846
中兵环保,0,831847
众工机械,0,831849
分豆教育,0,831850
东研科技,1,831852
世游科技,0,831853
曼克斯,0,831854
浩淼科技,0,831856
海誉科技,0,831858
祁药股份,0,831859
柏承科技,0,831861
焦作泰利,0,831863
华夏未来,0,831864
凯瑞电气,0,831865
新农股份,0,831868
畅想软件,0,831874
先锋科技,0,831878
鑫聚光电,0,831881
成达兴,0,831884
鱼鳞图,1,831885
云智科技,0,831886
长潮股份,0,831887
爱威科技,0,831895
远大信息,0,831897
汇川科技,0,831903
舜宇模具,0,831906
梦地自控,0,831910
瑞柯科技,0,831914
商中在线,0,831916
天立泰,1,831918
科菲科技,0,831919
车头制药,0,831920
长宝科技,0,831922
中科云巢,0,831923
瑞奥物联,0,831927
云能威士,0,831931
建研信息,0,831937
上海亿格,0,831938
天一生物,0,831942
亚太能源,1,831950
汇森能源,0,831956
健博通,0,831958
佳音在线,0,831960
创远仪器,1,831961
储翰科技,0,831964
埃蒙迪,0,831969
维森信息,0,831974
金康精工,0,831978
林格贝,0,831979
腾骏药业,0,831982
春盛中药,0,831983
大道信通,1,831984
华杰电气,0,831985
东方基业,0,831986
晋桦豹,0,831989
纵横宝盈,0,831990
嘉得力,0,831992
博涛文化,0,832013
基调网络,1,832015
奥伦德,0,832016
中兴机械,0,832017
固特超声,0,832018
智衡减振,0,832027
汇元科技,1,832028
华能橡胶,0,832037
科雷特,0,832039
中兴通科,1,832041
高健实业,0,832042
卫东环保,0,832043
天安智联,0,832046
春光股份,0,832056
东联科技,0,832058
欧密格,0,832059
施可瑞,1,832060
爱科赛,0,832062
鸿辉光通,1,832063
翱翔科技,0,832067
慧景科技,0,832074
东方水利,1,832075
合成药业,0,832077
泰利模具,0,832078
聚祥股份,0,832082
奥默医药,0,832083
万古科技,0,832085
现在支付,1,832086
清科股份,0,832091
安洁医疗,0,832092
浩辰软件,0,832097
泰利思诺,0,832100
浩亚股份,0,832101
诺晟股份,0,832104
中设智控,0,832106
达能电气,0,832107
亨达科技,1,832108
雷特科技,1,832110
双林机械,0,832111
网智天元,0,832112
中爆数字,0,832114
喜宝动力,0,832115
天岳科技,0,832116
华网智能,0,832118
康乐药业,1,832126
新兴药业,0,832129
云宏信息,1,832135
新为股份,0,832142
软智科技,0,832144
云媒股份,0,832148
利尔达,1,832149
龙华薄膜,0,832157
合全药业,1,832159
巨潮科技,0,832163
德毅科技,0,832170
志晟信息,1,832171
益立胶囊,0,832174
三扬股份,0,832176
博晟安全,1,832192
宏晶科技,1,832193
蔚联股份,0,832194
名家智能,0,832195
易科势腾,0,832204
全宇制药,1,832205
华科飞扬,0,832206
汇茂科技,0,832212
太川股份,1,832214
善营股份,0,832216
新阳升,0,832226
恒盛环保,0,832231
正全股份,0,832232
鸿通管材,0,832234
亚森实业,0,832240
现代精工,0,832242
力合节能,0,832243
润天智,1,832246
安正科技,0,832248
普点科技,0,832249
大乘科技,0,832256
正和药业,0,832257
瑞特科技,0,832260
鑫鹰科技,0,832261
芍花堂,1,832265
诺君安,0,832267
龙图信息,0,832272
佳时达,0,832274
翔宇药业,1,832276
鹿得医疗,1,832278
智途科技,0,832282
锦瑞新材,0,832287
鑫乐医疗,0,832294
天维尔,0,832296
三信科技,0,832301
广安车联,1,832303
纽威科技,0,832304
兆科电子,0,832311
汉能华,0,832313
广通股份,0,832318
捷尚股份,1,832325
海颐软件,1,832327
高士达,0,832331
科立森,0,832335
远大宏略,0,832339
国联股份,1,832340
常荣声学,0,832341
太矿电气,0,832347
汇知康,0,832350
益泰药业,1,832353
动脉智能,0,832355
一保通,0,832358
众智同辉,0,832361
英伦信息,0,832366
慧图科技,0,832367
江苏神农,0,832369
天原药业,0,832376
格瑞光电,0,832384
深凯瑞德,0,832386
龙磁科技,1,832388
睿思凯,0,832389
微缔软件,0,832400
德尔智能,0,832403
华翼微,0,832407
科神股份,0,832410
海龙国际,0,832411
旭海科技,0,832418
福昕软件,1,832422
德卡科技,0,832423
科海股份,0,832424
国农基业,0,832425
灵佑药业,0,832426
刻度信息,0,832428
科列技术,1,832432
亚克股份,0,832433
三泰新材,0,832437
九天高科,0,832440
思必拓,0,832442
恒宝通,1,832449
神州电子,0,832451
新涛科技,0,832454
恒坤股份,0,832456
成光兴,0,832460
山东众和,0,832466
卓越鸿昌,0,832474
商会网络,0,832480
鸿盛科技,0,832481
普罗米新,0,832483
汉得利,0,832487
奥迪威,1,832491
金蓝络,0,832492
珠海港信,0,832493
精铟海工,0,832495
安技智能,0,832497
明源软件,0,832498
圆融科技,0,832502
华鼎科技,0,832503
华光胶囊,0,832509
汇群中药,0,832513
中通电气,0,832519
尚洋信息,0,832524
德业变频,0,832525
鸿普森,0,832526
斯迈柯,0,832528
元丰科技,0,832531
京成科技,0,832536
洁华控股,0,832537
金软科技,0,832542
三川田,0,832545
金泉科技,0,832548
御福沃顿,0,832557
盈嘉科技,1,832562
梓橦宫,1,832566
蓝海科技,1,832570
点击网络,1,832571
亨戈股份,0,832574
云迅通,0,832575
建科机械,0,832578
同兴股份,1,832579
观想科技,0,832584
精英科技,1,832585
圣兆药物,0,832586
联海通信,0,832594
迈达医疗,0,832596
泰通科技,1,832602
天禹星,0,832608
合海股份,0,832610
智媒云图,0,832611
双发股份,0,832615
数码大方,0,832617
中安股份,1,832620
铱迅信息,0,832623
金智教育,0,832624
预言软件,0,832626
爱源股份,0,832628
伏泰科技,1,832633
大运科技,0,832636
华源磁业,0,832637
瓦力科技,1,832638
确信信息,0,832642
高德信,1,832645
讯众股份,1,832646
金点物联,0,832653
优力克,0,832656
蓝太平洋,0,832661
未名信息,0,832664
竹林松大,0,832667
数亮科技,0,832670
贵仁科技,0,832677
像素数据,0,832682
华洋科技,0,832685
育星达,0,832686
东鼎股份,1,832693
维冠机电,0,832694
华航科技,0,832695
南华工业,0,832699
达瑞生物,1,832705
时代凌宇,0,832706
三力制药,1,832708
思晗科技,0,832714
华信股份,0,832715
跃通科技,0,832716
诺伊曼,0,832719
百胜软件,0,832722
景心科技,0,832727
全宝科技,0,832728
洁利来,0,832734
德源药业,1,832735
天润基业,0,832738
瑞风协同,1,832744
奥飞数据,0,832745
长明机械,0,832746
豫新股份,0,832748
施泰信息,0,832755
景安网络,0,832757
煜鹏通讯,0,832761
大洋信息,0,832762
唐邦科技,0,832765
墨药股份,0,832767
爱可生,1,832768
汕樟轻工,0,832769
赛格导航,0,832770
寰烁股份,1,832773
森泰环保,1,832774
雨来科技,0,832776
兰州华冶,0,832777
多邦科技,0,832778
东方明康,0,832779
科瑞生物,0,832780
伟乐科技,0,832781
国通亿创,0,832785
银科金典,0,832787
普思生物,0,832791
逸舒制药,1,832796
吉星吉达,0,832798
陆海石油,0,832799
赛特斯,1,832800
保丽洁,1,832802
云高信息,0,832807
金瀚科技,0,832815
身临其境,0,832817
凡科股份,0,832828
禹鼎物联,0,832832
林江股份,0,832834
亚世光电,1,832840
华宽通,0,832849
天杭生物,0,832851
电旗股份,0,832853
宏景电子,0,832857
奇致激光,0,832861
军芃科技,0,832863
天膜科技,0,832865
金亿帝,0,832868
达尔智能,0,832869
地球村,0,832871
飞新达,0,832872
慧为智能,0,832876
源达股份,1,832881
瑞晟智能,0,832884
如涵控股,0,832887
深捷科技,0,832889
超伟股份,0,832890
紫光通信,0,832894
浩瀚股份,0,832895
道有道,1,832896
紫荆股份,0,832900
指安科技,1,832906
正方股份,0,832911
西奥科技,0,832913
汉尧环保,1,832915
鼎讯股份,1,832918
曼氏生物,0,832928
九典制药,0,832933
普天数码,1,832934
国林环保,1,832938
意畅科技,0,832947
益盟股份,1,832950
华进科技,0,832951
坤七药业,0,832952
创识科技,1,832953
七丹药业,0,832955
矽瑞股份,0,832957
悦居智能,0,832962
道尔智控,1,832966
思亮信息,1,832973
富雷实业,0,832976
怡林实业,0,832980
锦波生物,1,832982
泡宝网,0,832983
瑞诺医疗,0,832986
力软科技,0,832988
鑫博技术,0,832989
神戎电子,0,832992
民生科技,1,832996
法本信息,0,832999
星汉股份,0,833002
博阅科技,0,833004
东华宏泰,0,833007
开拓明天,0,833009
江奥光电,0,833011
和凡医药,0,833012
海清源,0,833018
宁冠鸿,0,833020
欧迈机械,0,833022
速普得,0,833023
欣智恒,0,833024
精英天成,0,833028
鹏信科技,1,833029
立方控股,0,833030
大唐融合,1,833035
ST米米乐,0,833048
欣威视通,0,833050
通用数据,0,833056
顺治科技,0,833060
立翔科技,0,833062
高华股份,0,833063
绿色空间,0,833064
川油科技,0,833065
亿联科技,1,833066
中德宏泰,1,833067
三耐环保,0,833070
科恩锐通,0,833071
大江传媒,0,833072
威盛电子,0,833073
优万科技,0,833074
方元明,0,833076
伯肯节能,0,833077
捷玛信息,0,833078
赛奇股份,0,833084
明药堂,0,833086
索福特,0,833089
希科普,0,833093
福建邮通,0,833095
仰邦科技,0,833096
爱己爱牧,0,833100
禾元生物,0,833101
融都科技,0,833102
鸣利来,0,833107
博冠科技,0,833108
灵犀金融,1,833109
畅尔装备,0,833115
瑞铁股份,0,833120
中仪股份,0,833122
中盈科技,0,833124
晶品压塑,0,833127
中源智人,0,833135
耀华医疗,0,833141
ST天智,0,833145
安宁创新,0,833150
同方健康,0,833151
剧星传媒,0,833153
东工股份,0,833155
马上游,1,833158
鲁班药业,0,833160
齐顺科技,0,833163
智科股份,0,833165
亿能达,0,833170
浩瀚深度,0,833175
中美福源,0,833178
泰久信息,0,833181
富煌科技,0,833185
华生基因,0,833190
佑康股份,0,833192
盈和科技,0,833193
荣邦医疗,0,833196
灵岩医疗,0,833199
宏业农装,0,833200
仁盈科技,0,833201
威尔克,0,833203
博采网络,1,833205
摆渡股份,0,833208
海欣药业,0,833211
汇乐环保,0,833214
九叶科技,0,833217
优森股份,0,833218
软汇科技,0,833219
思比科,0,833220
艾为电子,0,833221
欧康医药,0,833230
天准科技,1,833231
美创医疗,0,833234
国路安,0,833237
弛达科技,0,833240
龙辰科技,0,833243
骏环昇旺,0,833244
军一物联,0,833247
东忠科技,0,833251
帜讯信息,1,833252
鹤群智能,0,833264
生物谷,1,833266
北亚时代,0,833268
臣功制药,0,833274
神拓机电,1,833275
丽晶软件,0,833277
海斯比,0,833286
瑞立达,1,833290
亿邦股份,1,833294
三希科技,0,833296
悦高软件,0,833298
久康云,0,833299
方胜有成,0,833313
中诚股份,0,833314
图敏视频,0,833318
图卫科技,0,833320
广通软件,0,833322
金盾软件,0,833326
君实生物,1,833330
爱夫卡,1,833331
多尔晋泽,0,833332
胜软科技,1,833339
奥美森,0,833340
威贸电子,0,833346
亿阳值通,0,833348
东尚信息,0,833352
天涯社区,0,833359
华阳微电,0,833363
朗尼科,0,833369
锐融科技,0,833373
手付通,0,833375
童石网络,0,833377
深深爱,0,833378
源和药业,1,833379
宏安翔,0,833381
金钱猫,0,833389
天舰股份,0,833397
香哈网,0,833399
宏景股份,0,833411
帝瀚环保,0,833412
凡拓创意,1,833414
掌上纵横,0,833416
百玩游戏,0,833420
金利洁,0,833421
康海时代,0,833422
穗晶光电,1,833423
电庄股份,0,833424
先控电气,0,833426
亿邦制药,0,833437
华恒股份,0,833444
凯力船艇,0,833447
灵动微电,1,833448
联达动力,1,833449
云朵网,0,833457
悦为电商,0,833458
京华信息,0,833459
金凤股份,0,833461
苏州沪云,0,833464
特力惠,0,833465
盛盈汇,1,833466
爱普医疗,0,833469
泰聚泰,0,833470
利扬芯片,0,833474
点动股份,0,833476
希德电子,0,833477
朗德金燕,0,833479
硕达科技,0,833485
伟旺达,0,833488
美特安全,0,833489
佳讯创新,0,833490
世纪金政,0,833494
微瑞思创,1,833495
光大教育,0,833500
骐俊股份,1,833504
美的连,0,833505
美安普,0,833507
精工股份,1,833508
派诺光电,0,833513
人福药辅,0,833518
海积信息,0,833521
马斯汀,0,833527
宁波中药,1,833528
视纪印象,1,833529
神玥软件,0,833534
新康达,0,833541
锐丰科技,0,833548
湾流股份,0,833549
路维光电,0,833550
威尔数据,0,833552
新翔科技,0,833554
华南信息,0,833555
施勒智能,0,833556
中诺思,0,833557
亚太天能,1,833559
新科谷,0,833561
华谊创星,0,833568
蓝擎股份,0,833569
爱知之星,0,833574
康乐卫士,0,833575
金尚互联,0,833576
欧林生物,0,833577
鼎盛精工,0,833579
华特信息,0,833582
网班教育,0,833587
多维度,0,833589
开创环保,0,833591
中斗科技,0,833594
雷格讯,1,833597
航天生物,0,833607
乐通通信,0,833609
山东天力,0,833610
镭之源,0,833611
北方新媒,0,833612
华夏显示,0,833613
翼码科技,1,833614
迪派无线,0,833618
佰聆数据,1,833619
无锡煤机,0,833620
维和药业,1,833624
合力亿捷,1,833629
汇通金融,1,833631
瑞德智能,0,833635
贝斯达,0,833638
广州中崎,0,833640
瀚高股份,1,833644
安联锐视,0,833645
得轩堂,0,833648
美亚药业,0,833650
天虹数码,0,833655
铁血科技,1,833658
威特龙,0,833664
清大天达,0,833665
天力软件,0,833668
易康云,0,833670
邦诚电信,0,833671
佰焰科技,0,833674
宇方工业,0,833676
涧光股份,0,833679
一览网络,0,833680
福特科,1,833682
吉联新软,0,833683
联赢激光,1,833684
礼多多,1,833690
新道科技,1,833694
富士莱,0,833695
联网科技,0,833699
坚力科技,0,833701
博远高科,0,833706
风雷网络,0,833710
卓易科技,0,833711
立德电子,0,833713
安世亚太,1,833714
华彦邦,0,833717
蜂派科技,0,833726
兆晟科技,0,833727
恩济和,0,833729
森井防爆,0,833735
中塑在线,0,833736
世纪本原,0,833744
宏中药业,0,833746
广厦环能,0,833747
超音速,0,833753
天然谷,0,833760
爱扑网络,0,833765
上海寰创,0,833768
中泰环保,0,833769
山美股份,0,833773
创建达一,0,833774
华方药业,0,833776
棠棣信息,1,833777
奥科斯特,0,833779
源培生物,0,833783
递蓝科,0,833785
银科医学,0,833787
博能科技,0,833792
骅锋科技,0,833796
嘉禾生物,1,833799
金信瑞通,0,833801
勃朗科技,0,833803
康威通信,0,833804
华鸿科技,0,833807
精讯科技,0,833808
中新股份,0,833811
德润达,0,833814
嘉友互联,0,833815
铭慧股份,0,833822
九久科技,0,833824
神州锐达,0,833825
浩腾科技,1,833827
新视野,0,833828
鹏飞股份,0,833829
美天生物,0,833833
天波信息,0,833839
狂龙数字,0,833847
携宁科技,0,833849
景云祥,0,833851
清软创新,0,833852
远望信息,0,833854
宝润兴业,1,833856
时光科技,1,833857
灵汇股份,0,833864
创想天空,0,833870
昌德微电,0,833871
卓信数据,1,833872
汉印股份,0,833882
蝶讯网,0,833885
万达业,0,833886
心动网络,0,833897
ST磊曜,0,833898
阿尔创,1,833900
远图互联,0,833904
普瑞特,0,833905
卡宝宝,0,833906
三维天下,0,833909
融安特,0,833918
华辰净化,0,833923
安集协康,0,833926
火谷网络,0,833928
康大医疗,0,833929
奥雷德,0,833932
嘉诚信息,0,833937
康泰环保,0,833948
宝优际,0,833952
唯思软件,0,833953
飞天经纬,1,833954
盈丰软件,0,833955
华发教育,1,833960
安澳智能,0,833963
司南导航,1,833972
新游网络,0,833976
博伊特,0,833980
中成发展,0,833988
太时股份,0,833989
迈得医疗,0,833990
普菲特,0,833992
翰博高新,1,833994
花集网,0,833996
易构软件,0,834002
挖金客,0,834003
松湖股份,0,834005
金胜科技,0,834006
盘石股份,0,834009
捷胜海洋,0,834011
利和兴,1,834013
特瑞斯,0,834014
方心健康,0,834017
华枫股份,0,834022
赛思信安,0,834025
冠尔股份,0,834027
元道通信,1,834034
龙盛世纪,0,834037
杭科光电,0,834043
清众科技,0,834045
金锐同创,0,834046
缔安科技,0,834047
蓝灯数据,0,834048
游戏多,1,834054
百事通,0,834055
新基点,0,834057
华洋赛车,0,834058
卡车之家,1,834063
技美科技,0,834064
蓝氧科技,1,834068
金通科技,0,834069
锐风科技,0,834074
新智视讯,0,834077
聚能鼎力,1,834084
电联股份,1,834102
灵信视觉,1,834110
中兴新地,0,834115
高信达,0,834116
云端网络,1,834122
联益科技,1,834126
太极云软,0,834127
新中合,0,834128
软脑科技,0,834129
科升无线,0,834130
我要去哪,0,834132
卓杭科技,0,834133
中业科技,1,834134
仙果广告,1,834136
时代亿信,0,834139
立晨数据,0,834142
蓝深环保,0,834145
志凌伟业,1,834148
博芯科技,0,834152
有米科技,1,834156
亿芯源,0,834157
安盛科技,0,834167
阿拉科技,0,834171
维康子帆,0,834174
龙贝世纪,0,834181
工大高科,0,834182
索牌科技,0,834190
实邑科技,0,834194
华清飞扬,1,834195
大娱号,0,834196
展芯微,0,834198
柳鑫股份,0,834201
纵横六合,0,834202
华澜微,1,834203
ST东方数,0,834207
